Name,Number,website,Email 1,Email 2,,,,,,,,,,,,,,,,,,,,,,,,,,,,,,,,,,,,,,,,,,,,,,,,,,,,,,,,,,,,,,,,,,,,,,,,,,,,,,,,,,,,,,,,,,,,,,,,,,,,,,,,,,
Leader Logistics,+48 71 707 08 37,https://www.leaderlogistics.pl/,leader@leaderlogistics.pl,,,,,,,,,,,,,,,,,,,,,,,,,,,,,,,,,,,,,,,,,,,,,,,,,,,,,,,,,,,,,,,,,,,,,,,,,,,,,,,,,,,,,,,,,,,,,,,,,,,,,,,,,,,
Centrum Logistyczne Overis,+48 694 610 419,https://overis.pl/,biuro@overis.pl,,,,,,,,,,,,,,,,,,,,,,,,,,,,,,,,,,,,,,,,,,,,,,,,,,,,,,,,,,,,,,,,,,,,,,,,,,,,,,,,,,,,,,,,,,,,,,,,,,,,,,,,,,,
GKI Kompleks SA,+48 519 151 801,http://www.kompleks.pl/,poczta@kompleks.pl,,,,,,,,,,,,,,,,,,,,,,,,,,,,,,,,,,,,,,,,,,,,,,,,,,,,,,,,,,,,,,,,,,,,,,,,,,,,,,,,,,,,,,,,,,,,,,,,,,,,,,,,,,,
Prologis Park Wrocław III,+48 22 218 36 00,https://www.prologiswroclaw3.com/,marketing-eu@prologis.com,,,,,,,,,,,,,,,,,,,,,,,,,,,,,,,,,,,,,,,,,,,,,,,,,,,,,,,,,,,,,,,,,,,,,,,,,,,,,,,,,,,,,,,,,,,,,,,,,,,,,,,,,,,
Pattern Poland,,http://pattern.com/,hello@pattern.com,info@pattern.com,,,,,,,,,,,,,,,,,,,,,,,,,,,,,,,,,,,,,,,,,,,,,,,,,,,,,,,,,,,,,,,,,,,,,,,,,,,,,,,,,,,,,,,,,,,,,,,,,,,,,,,,,,
P3 Wrocław I,,https://p3parks.com/,compliance@p3parks.com,info.office@p3parks.com,info@p3parks.com,,,,,,,,,,,,,,,,,,,,,,,,,,,,,,,,,,,,,,,,,,,,,,,,,,,,,,,,,,,,,,,,,,,,,,,,,,,,,,,,,,,,,,,,,,,,,,,,,,,,,,,,,
Hillwood Oleśnica,+48 690 000 225,https://www.hillwood.pl/,poland@hillwood.com,poland@hillwood.pl,,,,,,,,,,,,,,,,,,,,,,,,,,,,,,,,,,,,,,,,,,,,,,,,,,,,,,,,,,,,,,,,,,,,,,,,,,,,,,,,,,,,,,,,,,,,,,,,,,,,,,,,,,
Citylink Wrocław - Magazyny do wynajęcia,+48 22 866 66 66,https://city-link.pl/?utm_source=google&utm_medium=maps,office@city-link.pl,,,,,,,,,,,,,,,,,,,,,,,,,,,,,,,,,,,,,,,,,,,,,,,,,,,,,,,,,,,,,,,,,,,,,,,,,,,,,,,,,,,,,,,,,,,,,,,,,,,,,,,,,,,
Centrum logistyczne Hillwood Rawicz,+48 690 000 225,https://www.hillwood.pl/nieruchomosci/hillwood-rawicz/,poland@hillwood.com,poland@hillwood.pl,,,,,,,,,,,,,,,,,,,,,,,,,,,,,,,,,,,,,,,,,,,,,,,,,,,,,,,,,,,,,,,,,,,,,,,,,,,,,,,,,,,,,,,,,,,,,,,,,,,,,,,,,,
Prologis Park Wrocław V,+48 22 218 36 00,https://www.prologiswroclaw5.com/,marketing-eu@prologis.com,,,,,,,,,,,,,,,,,,,,,,,,,,,,,,,,,,,,,,,,,,,,,,,,,,,,,,,,,,,,,,,,,,,,,,,,,,,,,,,,,,,,,,,,,,,,,,,,,,,,,,,,,,,
Merkury Market Logistyka,+48 693 461 660,https://www.merkurymarket.pl/centrum-logistyczne/,nowaruda@merkurymarket.pl,straszecin@merkurymarket.pl,,,,,,,,,,,,,,,,,,,,,,,,,,,,,,,,,,,,,,,,,,,,,,,,,,,,,,,,,,,,,,,,,,,,,,,,,,,,,,,,,,,,,,,,,,,,,,,,,,,,,,,,,,
7R City Flex Wrocław Airport I,+48 22 270 13 90,https://www.7rsa.pl/magazyny/7R-City-Flex-Wroclaw-Airport-I,bartosz.kwasniewski@7rsa.pl,biuro@7rsa.pl,,,,,,,,,,,,,,,,,,,,,,,,,,,,,,,,,,,,,,,,,,,,,,,,,,,,,,,,,,,,,,,,,,,,,,,,,,,,,,,,,,,,,,,,,,,,,,,,,,,,,,,,,,
P3 Wrocław City,+48 22 828 42 89,https://p3parks.com/,info.office@p3parks.com,info@p3parks.com,,,,,,,,,,,,,,,,,,,,,,,,,,,,,,,,,,,,,,,,,,,,,,,,,,,,,,,,,,,,,,,,,,,,,,,,,,,,,,,,,,,,,,,,,,,,,,,,,,,,,,,,,,
Eurogate Logistics Sp. z o.o. - Magazyn Wrocław,,https://eurogate.com/pl/pl/,custums@eurogate.co.uk,gdynia@eurogatelogistics.com,krakow@eurogatelogistics.com,sales.glasgow@eurogate.co.uk,sales.leeds@eurogate.co.uk,sales.london@eurogate.co.uk,sales.ru@eurogatelogistics.com,sales@eurogate.cz,sales@eurogate.hu,sales@eurogate.sk,verkoop@eurogatelogistics.com,warsaw@eurogatelogistics.com,wroclaw@eurogatelogistics.com,,,,,,,,,,,,,,,,,,,,,,,,,,,,,,,,,,,,,,,,,,,,,,,,,,,,,,,,,,,,,,,,,,,,,,,,,,,,,,,,,,,,,,,,,,,,,,,
Frisco,,http://www.frisco.pl/,68f11ac86fcc42938bf2a992eaff0205@o321755.ingest.sentry.io,bok@frisco.pl,,,,,,,,,,,,,,,,,,,,,,,,,,,,,,,,,,,,,,,,,,,,,,,,,,,,,,,,,,,,,,,,,,,,,,,,,,,,,,,,,,,,,,,,,,,,,,,,,,,,,,,,,,
Hillwood Syców,+48 690 000 225,https://www.hillwood.pl/?utm_source=google&utm_medium=gmf_hillwood_sycow,poland@hillwood.com,poland@hillwood.pl,,,,,,,,,,,,,,,,,,,,,,,,,,,,,,,,,,,,,,,,,,,,,,,,,,,,,,,,,,,,,,,,,,,,,,,,,,,,,,,,,,,,,,,,,,,,,,,,,,,,,,,,,,
GLA Global Logistics Agencies Poland,+48 734 486 117,https://logisticsagencies.pl/,sales.pl@logisticsagencies.com,,,,,,,,,,,,,,,,,,,,,,,,,,,,,,,,,,,,,,,,,,,,,,,,,,,,,,,,,,,,,,,,,,,,,,,,,,,,,,,,,,,,,,,,,,,,,,,,,,,,,,,,,,,
Magazyn HSS Distribution Sp.z o.o.,,https://hssdistribution.com/,info@hssgroup.pl,,,,,,,,,,,,,,,,,,,,,,,,,,,,,,,,,,,,,,,,,,,,,,,,,,,,,,,,,,,,,,,,,,,,,,,,,,,,,,,,,,,,,,,,,,,,,,,,,,,,,,,,,,,
Lotniczy Dworzec Towarowy Wrocław Sp. z o.o.,+48 71 358 13 18,https://ldt.com.pl/,d.ruminska@ldt.com.pl,,,,,,,,,,,,,,,,,,,,,,,,,,,,,,,,,,,,,,,,,,,,,,,,,,,,,,,,,,,,,,,,,,,,,,,,,,,,,,,,,,,,,,,,,,,,,,,,,,,,,,,,,,,
PPH SOBIMAX - Magazyn,+48 71 396 83 57,http://www.sobimax.com.pl/,sobimax@wroclaw.eta.pl,,,,,,,,,,,,,,,,,,,,,,,,,,,,,,,,,,,,,,,,,,,,,,,,,,,,,,,,,,,,,,,,,,,,,,,,,,,,,,,,,,,,,,,,,,,,,,,,,,,,,,,,,,,
Less Mess,+48 71 757 22 03,https://www.lessmess.storage/self-storage-wroclaw/,bemowo@lessmess.pl,czekoladowa@lessmess.pl,dabrowskiego@lessmess.pl,dejvice@lessmess.cz,holesovice@lessmess.cz,jasien@lessmess.pl,kowale@lessmess.pl,krakowska@lessmess.pl,kryspinow@lessmess.pl,modlinska@lessmess.pl,modlniczka@lessmess.pl,ostrowska@lessmess.pl,pankrac@lessmess.cz,pelczynska@lessmess.pl,poleczki@lessmess.pl,rumia@lessmess.pl,siekierkowska@lessmess.pl,torunska@lessmess.pl,,,,,,,,,,,,,,,,,,,,,,,,,,,,,,,,,,,,,,,,,,,,,,,,,,,,,,,,,,,,,,,,,,,,,,,,,,,,,,,,,,,,,,,,,,
Maxfliz Magazyn,+48 668 399 287,http://www.maxfliz.pl/,informacja@maxfliz.pl,,,,,,,,,,,,,,,,,,,,,,,,,,,,,,,,,,,,,,,,,,,,,,,,,,,,,,,,,,,,,,,,,,,,,,,,,,,,,,,,,,,,,,,,,,,,,,,,,,,,,,,,,,,
Kangu Self Storage - Wrocław Magazyny do wynajęcia,+48 722 331 331,https://www.kangu24.com/pl/magazyn-self-storage-wroclaw/,wroclaw@kangu24.com,,,,,,,,,,,,,,,,,,,,,,,,,,,,,,,,,,,,,,,,,,,,,,,,,,,,,,,,,,,,,,,,,,,,,,,,,,,,,,,,,,,,,,,,,,,,,,,,,,,,,,,,,,,
Jack Magazyn,+48 698 927 160,https://jack-opakowania.pl/,biuro@jack.wroclaw.pl,zamowienia@jack.wroclaw.pl,,,,,,,,,,,,,,,,,,,,,,,,,,,,,,,,,,,,,,,,,,,,,,,,,,,,,,,,,,,,,,,,,,,,,,,,,,,,,,,,,,,,,,,,,,,,,,,,,,,,,,,,,,
Lear Sp. z o.o.,+48 517 950 522,http://www.learlogistyka.pl/,biuro@learlogistyka.pl,,,,,,,,,,,,,,,,,,,,,,,,,,,,,,,,,,,,,,,,,,,,,,,,,,,,,,,,,,,,,,,,,,,,,,,,,,,,,,,,,,,,,,,,,,,,,,,,,,,,,,,,,,,
Budowa Bremer - GLP Magnice WH E,,https://www.bremerbau.pl/,info@dp-wired.de,,,,,,,,,,,,,,,,,,,,,,,,,,,,,,,,,,,,,,,,,,,,,,,,,,,,,,,,,,,,,,,,,,,,,,,,,,,,,,,,,,,,,,,,,,,,,,,,,,,,,,,,,,,
Deichmann Logistik Polska,,http://www.deichmann.com/,service@deichmann.de,,,,,,,,,,,,,,,,,,,,,,,,,,,,,,,,,,,,,,,,,,,,,,,,,,,,,,,,,,,,,,,,,,,,,,,,,,,,,,,,,,,,,,,,,,,,,,,,,,,,,,,,,,,
MOUNTAIN WAREHOUSE | Wrocław Fashion Outlet,+48 71 780 48 70,https://www.wroclawfashionoutlet.com/sklepy/mountain-warehouse-outlet?utm_source=google-maps&utm_medium=refferal-factory&utm_campaign=mountain-warehouse-outlet,wfo.infopoint@viaoutlets.com,,,,,,,,,,,,,,,,,,,,,,,,,,,,,,,,,,,,,,,,,,,,,,,,,,,,,,,,,,,,,,,,,,,,,,,,,,,,,,,,,,,,,,,,,,,,,,,,,,,,,,,,,,,
TRZMIEL mail order warehouse,+48 71 719 88 30,http://ww.facebook.com/TrzmielAkwarystyka,kontakt@trzmiel.com.pl,,,,,,,,,,,,,,,,,,,,,,,,,,,,,,,,,,,,,,,,,,,,,,,,,,,,,,,,,,,,,,,,,,,,,,,,,,,,,,,,,,,,,,,,,,,,,,,,,,,,,,,,,,,
DTA Agencja Celna - Wrocław - Magazyn,+48 693 298 777,https://dta.com.pl/wroclaw-magazyn/,magazyn@dta.com.pl,,,,,,,,,,,,,,,,,,,,,,,,,,,,,,,,,,,,,,,,,,,,,,,,,,,,,,,,,,,,,,,,,,,,,,,,,,,,,,,,,,,,,,,,,,,,,,,,,,,,,,,,,,,
Budotom Magazyn,+48 577 361 952,https://budotom.pl/,%20zapytania@budotom.pl,zapytania@budotom.pl,,,,,,,,,,,,,,,,,,,,,,,,,,,,,,,,,,,,,,,,,,,,,,,,,,,,,,,,,,,,,,,,,,,,,,,,,,,,,,,,,,,,,,,,,,,,,,,,,,,,,,,,,,
sprintBOX Sp.z o. o.,+48 71 758 35 71,http://www.sprintbox.pl/,dpo-google@google.com,info@sprintBOX.de,info@sprintbox.de,,,,,,,,,,,,,,,,,,,,,,,,,,,,,,,,,,,,,,,,,,,,,,,,,,,,,,,,,,,,,,,,,,,,,,,,,,,,,,,,,,,,,,,,,,,,,,,,,,,,,,,,,
S8PARK (Global24),+48 608 283 302,https://www.s8park.pl/,info@s8park.pl,,,,,,,,,,,,,,,,,,,,,,,,,,,,,,,,,,,,,,,,,,,,,,,,,,,,,,,,,,,,,,,,,,,,,,,,,,,,,,,,,,,,,,,,,,,,,,,,,,,,,,,,,,,
Schowek24 Dzierżonia - Magazyny Self Storage Wrocław,+48 518 793 880,https://schowek24.pl/lokalizacje/wroclaw/wroclaw-dzierzonia-oporow/?utm_source=Local&utm_medium=Organic&utm_campaign=Google-Places,biuro@schowek24.pl,,,,,,,,,,,,,,,,,,,,,,,,,,,,,,,,,,,,,,,,,,,,,,,,,,,,,,,,,,,,,,,,,,,,,,,,,,,,,,,,,,,,,,,,,,,,,,,,,,,,,,,,,,,
Hillwood Częstochowa Miasto,+48 690 000 225,https://www.hillwood.pl/,poland@hillwood.com,poland@hillwood.pl,,,,,,,,,,,,,,,,,,,,,,,,,,,,,,,,,,,,,,,,,,,,,,,,,,,,,,,,,,,,,,,,,,,,,,,,,,,,,,,,,,,,,,,,,,,,,,,,,,,,,,,,,,
KMS S.C. Magazyn/Warsztat,+48 605 147 127,https://kms.wroclaw.pl/,info@km-sc.pl,wyceny@kms.wroclaw.pl,,,,,,,,,,,,,,,,,,,,,,,,,,,,,,,,,,,,,,,,,,,,,,,,,,,,,,,,,,,,,,,,,,,,,,,,,,,,,,,,,,,,,,,,,,,,,,,,,,,,,,,,,,
Wrocław Fashion Outlet,+48 71 881 05 71,https://www.wroclawfashionoutlet.com/?utm_source=google-maps&utm_medium=refferal-factory&utm_campaign=home-outlet,wfo.infopoint@viaoutlets.com,,,,,,,,,,,,,,,,,,,,,,,,,,,,,,,,,,,,,,,,,,,,,,,,,,,,,,,,,,,,,,,,,,,,,,,,,,,,,,,,,,,,,,,,,,,,,,,,,,,,,,,,,,,
Dragler - magazyn,+48 693 717 787,http://dragler.pl/,info@dragler.pl,,,,,,,,,,,,,,,,,,,,,,,,,,,,,,,,,,,,,,,,,,,,,,,,,,,,,,,,,,,,,,,,,,,,,,,,,,,,,,,,,,,,,,,,,,,,,,,,,,,,,,,,,,,
Elektros Sp. z o.o. - Biuro Handlowe Wrocław - dystrybucja opraw i słupów oświetleniowych,+48 885 962 154,https://www.elektros.pl/,biuro@elektros.pl,elektros@elektros.pl,fotowoltaika@elektros.pl,krystian.habedank@elektros.pl,nowasol@elektros.pl,oferty@elektros.pl,produkcja@elektros.pl,wroclaw@elektros.pl,,,,,,,,,,,,,,,,,,,,,,,,,,,,,,,,,,,,,,,,,,,,,,,,,,,,,,,,,,,,,,,,,,,,,,,,,,,,,,,,,,,,,,,,,,,,,,,,,,,,
DAN-MARK,+48 71 376 93 00,http://www.dan-mark.pl/,sekretariat@dan-mark.pl,,,,,,,,,,,,,,,,,,,,,,,,,,,,,,,,,,,,,,,,,,,,,,,,,,,,,,,,,,,,,,,,,,,,,,,,,,,,,,,,,,,,,,,,,,,,,,,,,,,,,,,,,,,
ASSMANN Distribution Sp. z o.o.,+48 71 326 71 40,http://www.assmann.pl/,office@assmann.pl,,,,,,,,,,,,,,,,,,,,,,,,,,,,,,,,,,,,,,,,,,,,,,,,,,,,,,,,,,,,,,,,,,,,,,,,,,,,,,,,,,,,,,,,,,,,,,,,,,,,,,,,,,,
ECE Logistics,,https://ecelogistics.pl/logistyka-kontraktowa-magazyny-b2b-we-wroclawiu/,biuro@ecelogistics.net,f.czarny@ecelogistics.pl,,,,,,,,,,,,,,,,,,,,,,,,,,,,,,,,,,,,,,,,,,,,,,,,,,,,,,,,,,,,,,,,,,,,,,,,,,,,,,,,,,,,,,,,,,,,,,,,,,,,,,,,,,
Magazyn Tapipol,+48 71 359 57 34,http://www.tapipol.pl/,adres@email.com,,,,,,,,,,,,,,,,,,,,,,,,,,,,,,,,,,,,,,,,,,,,,,,,,,,,,,,,,,,,,,,,,,,,,,,,,,,,,,,,,,,,,,,,,,,,,,,,,,,,,,,,,,,
CargoNet Polska Sp. z o.o.,+48 502 406 787,http://www.cargonet.pl/,mail@gmail.com,,,,,,,,,,,,,,,,,,,,,,,,,,,,,,,,,,,,,,,,,,,,,,,,,,,,,,,,,,,,,,,,,,,,,,,,,,,,,,,,,,,,,,,,,,,,,,,,,,,,,,,,,,,
Optident Magazyn,+48 71 308 41 40,https://optident.pl/kontakt/,biuro@optident.pl,,,,,,,,,,,,,,,,,,,,,,,,,,,,,,,,,,,,,,,,,,,,,,,,,,,,,,,,,,,,,,,,,,,,,,,,,,,,,,,,,,,,,,,,,,,,,,,,,,,,,,,,,,,
GO! Express & Logistics Wrocław Sp. z o. o.,+48 514 481 734,http://www.general-overnight.pl/,info@general-overnight.pl,warszawa@general-overnight.pl,,,,,,,,,,,,,,,,,,,,,,,,,,,,,,,,,,,,,,,,,,,,,,,,,,,,,,,,,,,,,,,,,,,,,,,,,,,,,,,,,,,,,,,,,,,,,,,,,,,,,,,,,,
Schowek24 Gagarina - Magazyny Self Storage Wrocław,+48 518 793 880,https://schowek24.pl/lokalizacje/wroclaw/wroclaw-gagarina-n-park/?utm_source=Local&utm_medium=Organic&utm_campaign=Google-Places,biuro@schowek24.pl,,,,,,,,,,,,,,,,,,,,,,,,,,,,,,,,,,,,,,,,,,,,,,,,,,,,,,,,,,,,,,,,,,,,,,,,,,,,,,,,,,,,,,,,,,,,,,,,,,,,,,,,,,,
Stokado Self Storage - Mokronos Dolny,+48 666 030 701,https://stokado.pl/self-storage-mokronos-dolny/parkowa,filmowa@stokado.pl,info@stokado.pl,kaliny@stokado.pl,kasprzaka@stokado.pl,modlinska@stokado.pl,nowohucka@stokado.pl,parkowa@stokado.pl,sikorskiego@stokado.pl,sosnowiecka@stokado.pl,torunska@stokado.pl,warynskiego@stokado.pl,,,,,,,,,,,,,,,,,,,,,,,,,,,,,,,,,,,,,,,,,,,,,,,,,,,,,,,,,,,,,,,,,,,,,,,,,,,,,,,,,,,,,,,,,,,,,,,,,
PRODOMUS Sp. o.o. Sp. K.,+48 71 372 61 34,https://www.spedycjaprodomus.pl/,andrzej@prodomus.com.pl,biuro@prodomus.com.pl,,,,,,,,,,,,,,,,,,,,,,,,,,,,,,,,,,,,,,,,,,,,,,,,,,,,,,,,,,,,,,,,,,,,,,,,,,,,,,,,,,,,,,,,,,,,,,,,,,,,,,,,,,
Schowek24 Przedmiejska - Magazyny Self Storage Wrocław,+48 518 793 880,https://schowek24.pl/lokalizacje/wroclaw/wroclaw-przedmiejska/?utm_source=Local&utm_medium=Organic&utm_campaign=Google-Places,biuro@schowek24.pl,,,,,,,,,,,,,,,,,,,,,,,,,,,,,,,,,,,,,,,,,,,,,,,,,,,,,,,,,,,,,,,,,,,,,,,,,,,,,,,,,,,,,,,,,,,,,,,,,,,,,,,,,,,
7R Park Bydgoszcz I,+48 22 270 13 90,https://www.7rsa.pl/magazyny/7R-Park-Bydgoszcz-I,administrator.rodo@7rsa.pl,bartosz.kwasniewski@7rsa.pl,biuro@7rsa.pl,kamil.szablowski@7rsa.pl,marzena.taube@7rsa.pl,np.jan@poczta.pl,taube.marzena@7rsa.pl,,,,,,,,,,,,,,,,,,,,,,,,,,,,,,,,,,,,,,,,,,,,,,,,,,,,,,,,,,,,,,,,,,,,,,,,,,,,,,,,,,,,,,,,,,,,,,,,,,,,,
Fortress Logistics Park Bydgoszcz,+48 695 568 111,https://fortressfund.co.za/,butchere@fortressfund.co.za,morganh@fortressfund.co.za,oosthuizenm@fortressfund.co.za,,,,,,,,,,,,,,,,,,,,,,,,,,,,,,,,,,,,,,,,,,,,,,,,,,,,,,,,,,,,,,,,,,,,,,,,,,,,,,,,,,,,,,,,,,,,,,,,,,,,,,,,,
Eurocash Dystrybucja,+48 81 461 27 40,https://dystrybucja.grupaeurocash.pl/,cok@eurocash.pl,,,,,,,,,,,,,,,,,,,,,,,,,,,,,,,,,,,,,,,,,,,,,,,,,,,,,,,,,,,,,,,,,,,,,,,,,,,,,,,,,,,,,,,,,,,,,,,,,,,,,,,,,,,
P3 Bydgoszcz,,https://p3parks.com/,info.office@p3parks.com,info@p3parks.com,,,,,,,,,,,,,,,,,,,,,,,,,,,,,,,,,,,,,,,,,,,,,,,,,,,,,,,,,,,,,,,,,,,,,,,,,,,,,,,,,,,,,,,,,,,,,,,,,,,,,,,,,,
CLM - Centrum Logistyczne Mełgiewska,+48 81 710 02 20,http://clm.lublin.pl/,biuro@clm.lublin.pl,,,,,,,,,,,,,,,,,,,,,,,,,,,,,,,,,,,,,,,,,,,,,,,,,,,,,,,,,,,,,,,,,,,,,,,,,,,,,,,,,,,,,,,,,,,,,,,,,,,,,,,,,,,
Dziupla Self Storage - Boxy magazynowe Self Storage Lublin,+48 797 003 199,https://dziupla-magazyny.pl/,biuro@dziupla-magazyny.pl,,,,,,,,,,,,,,,,,,,,,,,,,,,,,,,,,,,,,,,,,,,,,,,,,,,,,,,,,,,,,,,,,,,,,,,,,,,,,,,,,,,,,,,,,,,,,,,,,,,,,,,,,,,
Stock Polska - Lubelskie Centrum Logistyczne (LCL),,http://stock-polska.pl/,stock@stockspirits.com,u003estock@stockspirits.com,,,,,,,,,,,,,,,,,,,,,,,,,,,,,,,,,,,,,,,,,,,,,,,,,,,,,,,,,,,,,,,,,,,,,,,,,,,,,,,,,,,,,,,,,,,,,,,,,,,,,,,,,,
Spektrum Sp. z o.o.,,https://www.spektrum-poland.pl/,a.okupny@spektrum-poland.pl,alex@spektrum-poland.pl,ksiegowosc@spektrum-poland.pl,,,,,,,,,,,,,,,,,,,,,,,,,,,,,,,,,,,,,,,,,,,,,,,,,,,,,,,,,,,,,,,,,,,,,,,,,,,,,,,,,,,,,,,,,,,,,,,,,,,,,,,,,
Krajowa Grupa Spożywcza S.A. w Toruniu. Magazyn Lublin,+48 695 650 053,https://www.polski-cukier.pl/,sekretariat@kgssa.pl,,,,,,,,,,,,,,,,,,,,,,,,,,,,,,,,,,,,,,,,,,,,,,,,,,,,,,,,,,,,,,,,,,,,,,,,,,,,,,,,,,,,,,,,,,,,,,,,,,,,,,,,,,,
Fresh Logistics Polska - transport i magazynowanie żywności,+48 503 849 490,https://polska.raben-group.com/o-nas/grupa-raben-w-polsce/fresh-logistics-polska/?utm_source=Google&utm_medium=GMB+Fresh-R&utm_campaign=GMB+Fresh+Raben,759ec9b3154a0b4947ff9df6e3d9af3a@www.sentry.macopedia-dev.pl,Dariusz.deka@raben-group.com,artur.orlowski@raben-group.com,dariusz.deka@raben-group.com,freshlogistics@raben-group.com,karolina.kamrowska@raben-group.com,maciej.dzioban@raben-group.com,recepcjafl@raben-group.com,robert.kozak@raben-group.com,,,,,,,,,,,,,,,,,,,,,,,,,,,,,,,,,,,,,,,,,,,,,,,,,,,,,,,,,,,,,,,,,,,,,,,,,,,,,,,,,,,,,,,,,,,,,,,,,,,
LCL Logistic – Magazyny Zielona Góra,+48 68 307 17 61,https://lcl-logistic.com/,offers@lcl-logistic.com,warehouse@lcl-logistic.com,,,,,,,,,,,,,,,,,,,,,,,,,,,,,,,,,,,,,,,,,,,,,,,,,,,,,,,,,,,,,,,,,,,,,,,,,,,,,,,,,,,,,,,,,,,,,,,,,,,,,,,,,,
EUROCOMMERCE | logistyka bez barier,+48 68 415 11 18,https://eurocommerce.pl/,kontakt@eurocommerce.pl,pomoc@eurocommerce.pl,,,,,,,,,,,,,,,,,,,,,,,,,,,,,,,,,,,,,,,,,,,,,,,,,,,,,,,,,,,,,,,,,,,,,,,,,,,,,,,,,,,,,,,,,,,,,,,,,,,,,,,,,,
F.H.U. Woga Sp. J Magazyn Babimost,+48 512 168 450,http://www.woga.pl/,biuro2@woga.pl,darek@woga.pl,dispo1@woga.pl,dispo2@woga.pl,dispo3@woga.pl,dispo5@woga.pl,dispo@woga.pl,karol@woga.pl,kuba@woga.pl,luk@woga.pl,spedytor11@woga.pl,spedytor13@woga.pl,spedytor1@woga.pl,spedytor2@woga.pl,spedytor3@woga.pl,spedytor4@woga.pl,spedytor6@woga.pl,spedytor7@woga.pl,spedytor8@woga.pl,spedytor9@woga.pl,spedytor@woga.pl,transportabteilung@woga.pl,verkauf2@woga.pl,verkauf@woga.pl,verkaufwoga@woga.pl,woga@woga.pl,,,,,,,,,,,,,,,,,,,,,,,,,,,,,,,,,,,,,,,,,,,,,,,,,,,,,,,,,,,,,,,,,,,,,,,,,,,,,,,,,,
CTPark Iłowa,+48 696 870 000,https://www.ctp.eu/ctpark-ilowa/,marketing.pl@ctp.eu,sandra.winiarska@ctp.eu,,,,,,,,,,,,,,,,,,,,,,,,,,,,,,,,,,,,,,,,,,,,,,,,,,,,,,,,,,,,,,,,,,,,,,,,,,,,,,,,,,,,,,,,,,,,,,,,,,,,,,,,,,
3LP SA Słubice,+48 71 301 47 22,http://www.3lp.eu/,jkowalski@gmail.com,kontakt@3lp.eu,oferty@3lp.eu,,,,,,,,,,,,,,,,,,,,,,,,,,,,,,,,,,,,,,,,,,,,,,,,,,,,,,,,,,,,,,,,,,,,,,,,,,,,,,,,,,,,,,,,,,,,,,,,,,,,,,,,,
EUROCOMMERCE | magazyn Nowy Kisielin,+48 68 415 11 18,https://eurocommerce.pl/,kontakt@eurocommerce.pl,pomoc@eurocommerce.pl,,,,,,,,,,,,,,,,,,,,,,,,,,,,,,,,,,,,,,,,,,,,,,,,,,,,,,,,,,,,,,,,,,,,,,,,,,,,,,,,,,,,,,,,,,,,,,,,,,,,,,,,,,
7R Park Sulechów,+48 22 270 13 90,https://www.7rsa.pl/magazyny/7R-Park-Sulechow,administrator.rodo@7rsa.pl,bartosz.kwasniewski@7rsa.pl,biuro@7rsa.pl,np.jan@poczta.pl,szymon.wiecek@7rsa.pl,,,,,,,,,,,,,,,,,,,,,,,,,,,,,,,,,,,,,,,,,,,,,,,,,,,,,,,,,,,,,,,,,,,,,,,,,,,,,,,,,,,,,,,,,,,,,,,,,,,,,,,
DUAL SYSTEM MAGAZYN,+48 797 404 953,http://www.dualsystem.com.pl/,dual@dualsystem.com.pl,zarzad@klubmymba.pl,,,,,,,,,,,,,,,,,,,,,,,,,,,,,,,,,,,,,,,,,,,,,,,,,,,,,,,,,,,,,,,,,,,,,,,,,,,,,,,,,,,,,,,,,,,,,,,,,,,,,,,,,,
Hillwood Gubin,+48 690 000 225,https://www.hillwood.pl/nieruchomosci/hillwood-gubin/,poland@hillwood.com,poland@hillwood.pl,,,,,,,,,,,,,,,,,,,,,,,,,,,,,,,,,,,,,,,,,,,,,,,,,,,,,,,,,,,,,,,,,,,,,,,,,,,,,,,,,,,,,,,,,,,,,,,,,,,,,,,,,,
CTPark Sulechów,+48 696 870 000,https://www.ctp.eu/ctpark-sulechow/,marketing.pl@ctp.eu,sandra.winiarska@ctp.eu,,,,,,,,,,,,,,,,,,,,,,,,,,,,,,,,,,,,,,,,,,,,,,,,,,,,,,,,,,,,,,,,,,,,,,,,,,,,,,,,,,,,,,,,,,,,,,,,,,,,,,,,,,
Hillwood Łódź Górna,+48 690 000 225,https://www.hillwood.pl/,poland@hillwood.com,poland@hillwood.pl,,,,,,,,,,,,,,,,,,,,,,,,,,,,,,,,,,,,,,,,,,,,,,,,,,,,,,,,,,,,,,,,,,,,,,,,,,,,,,,,,,,,,,,,,,,,,,,,,,,,,,,,,,
Prologis Park Łódź,+48 22 218 36 00,https://www.prologislodz.com/,marketing-eu@prologis.com,,,,,,,,,,,,,,,,,,,,,,,,,,,,,,,,,,,,,,,,,,,,,,,,,,,,,,,,,,,,,,,,,,,,,,,,,,,,,,,,,,,,,,,,,,,,,,,,,,,,,,,,,,,
Prologis Park Łódź II,+48 74 620 90 39,https://www.prologislodz2.com/,marketing-eu@prologis.com,,,,,,,,,,,,,,,,,,,,,,,,,,,,,,,,,,,,,,,,,,,,,,,,,,,,,,,,,,,,,,,,,,,,,,,,,,,,,,,,,,,,,,,,,,,,,,,,,,,,,,,,,,,
Spilnodiia Fulfillment,,https://spilnodiia.eu/,fulfillment@spilnodiia.eu,,,,,,,,,,,,,,,,,,,,,,,,,,,,,,,,,,,,,,,,,,,,,,,,,,,,,,,,,,,,,,,,,,,,,,,,,,,,,,,,,,,,,,,,,,,,,,,,,,,,,,,,,,,
LANGOWSKI LOGISTICS (CFS) MAGAZYN ŁÓDŹ,+48 795 586 455,https://langowski.eu/uslugi/logistyka-magazynowa/magazyn-lodz/,info@langowski.eu,magazyny@langowski.eu,,,,,,,,,,,,,,,,,,,,,,,,,,,,,,,,,,,,,,,,,,,,,,,,,,,,,,,,,,,,,,,,,,,,,,,,,,,,,,,,,,,,,,,,,,,,,,,,,,,,,,,,,,
Hillwood Łódź Chocianowice,+48 690 000 225,https://www.hillwood.pl/,poland@hillwood.com,poland@hillwood.pl,,,,,,,,,,,,,,,,,,,,,,,,,,,,,,,,,,,,,,,,,,,,,,,,,,,,,,,,,,,,,,,,,,,,,,,,,,,,,,,,,,,,,,,,,,,,,,,,,,,,,,,,,,
"Uniq Logistic - Magazyn Łódź ""Olechowska""",+48 733 733 005,https://uniqlogistic.pl/,biuro@uniqlogistic.pl,ksiegowosc@uniqlogistic.pl,,,,,,,,,,,,,,,,,,,,,,,,,,,,,,,,,,,,,,,,,,,,,,,,,,,,,,,,,,,,,,,,,,,,,,,,,,,,,,,,,,,,,,,,,,,,,,,,,,,,,,,,,,
EPUFLOOR Warehouse,+48 508 306 716,http://www.epufloor.pl/,info@epufloor.com,,,,,,,,,,,,,,,,,,,,,,,,,,,,,,,,,,,,,,,,,,,,,,,,,,,,,,,,,,,,,,,,,,,,,,,,,,,,,,,,,,,,,,,,,,,,,,,,,,,,,,,,,,,
Wronia Park Magazynowy A&A Holding,+48 727 727 747,https://www.nieruchomosci.aia.pl/najem-dzierzawa-dzialka-28ha-ul-wronia-lodz/,biuro@aia.pl,m.bartosiewicz@aia.pl,sekretariat@aia.pl,,,,,,,,,,,,,,,,,,,,,,,,,,,,,,,,,,,,,,,,,,,,,,,,,,,,,,,,,,,,,,,,,,,,,,,,,,,,,,,,,,,,,,,,,,,,,,,,,,,,,,,,,
ARO Logistics,+48 42 659 95 14,http://www.arologistics.pl/,biuro@arologistics.pl,,,,,,,,,,,,,,,,,,,,,,,,,,,,,,,,,,,,,,,,,,,,,,,,,,,,,,,,,,,,,,,,,,,,,,,,,,,,,,,,,,,,,,,,,,,,,,,,,,,,,,,,,,,
"Stockage Avenue - Magazyn samoobsługowy, magazyn, self storage",+48 784 101 070,http://stockage-avenue.pl/,stockageavenue@gtpolska.com,,,,,,,,,,,,,,,,,,,,,,,,,,,,,,,,,,,,,,,,,,,,,,,,,,,,,,,,,,,,,,,,,,,,,,,,,,,,,,,,,,,,,,,,,,,,,,,,,,,,,,,,,,,
Prologis Park Łódź III,+48 74 720 90 39,https://www.prologislodz3.com/,marketing-eu@prologis.com,,,,,,,,,,,,,,,,,,,,,,,,,,,,,,,,,,,,,,,,,,,,,,,,,,,,,,,,,,,,,,,,,,,,,,,,,,,,,,,,,,,,,,,,,,,,,,,,,,,,,,,,,,,
M/S Factory,+48 608 090 357,https://www.nieruchomosci.aia.pl/nasze-nieruchomosci/ms-factory,biuro@aia.pl,sekretariat@aia.pl,t.migdalski@aia.pl,,,,,,,,,,,,,,,,,,,,,,,,,,,,,,,,,,,,,,,,,,,,,,,,,,,,,,,,,,,,,,,,,,,,,,,,,,,,,,,,,,,,,,,,,,,,,,,,,,,,,,,,,
NJW sp. z o.o.,+48 690 633 285,http://njwspzoo.pl/,biuro@njwspzoo.pl,,,,,,,,,,,,,,,,,,,,,,,,,,,,,,,,,,,,,,,,,,,,,,,,,,,,,,,,,,,,,,,,,,,,,,,,,,,,,,,,,,,,,,,,,,,,,,,,,,,,,,,,,,,
Hillwood Stryków,+48 690 000 225,https://www.hillwood.pl/?utm_source=google&utm_medium=gmf_hillwood_strykow,poland@hillwood.com,poland@hillwood.pl,,,,,,,,,,,,,,,,,,,,,,,,,,,,,,,,,,,,,,,,,,,,,,,,,,,,,,,,,,,,,,,,,,,,,,,,,,,,,,,,,,,,,,,,,,,,,,,,,,,,,,,,,,
Hillwood Rawa Mazowiecka,+48 690 000 225,https://www.hillwood.pl/?utm_source=google&utm_medium=gmf_hillwood_rawa_mazowiecka,poland@hillwood.com,poland@hillwood.pl,,,,,,,,,,,,,,,,,,,,,,,,,,,,,,,,,,,,,,,,,,,,,,,,,,,,,,,,,,,,,,,,,,,,,,,,,,,,,,,,,,,,,,,,,,,,,,,,,,,,,,,,,,
KaaJ Group - HUB Centrum,+48 512 615 341,https://www.hubcentrum.com/%20%20%20https://kaaj-group.com/,info@hubcentrum.com,moversflow@mail.com,,,,,,,,,,,,,,,,,,,,,,,,,,,,,,,,,,,,,,,,,,,,,,,,,,,,,,,,,,,,,,,,,,,,,,,,,,,,,,,,,,,,,,,,,,,,,,,,,,,,,,,,,,
GLP Łódź III,,https://eu.glp.com/property/lodz-iii-logistics-centre-3/,Marq-Logo-primary@2x.webp,eu-marketing@glp.com,pzeromski@marqlogistics.com,ravi@blueflamingo.solutions,,,,,,,,,,,,,,,,,,,,,,,,,,,,,,,,,,,,,,,,,,,,,,,,,,,,,,,,,,,,,,,,,,,,,,,,,,,,,,,,,,,,,,,,,,,,,,,,,,,,,,,,
Atlone-magazyn-transport-przeladunki - Rentpol wynajem powierzchni magazynowej Lodz ul.Sw. Teresy 111,+48 796 676 006,https://atlone.pl/,pawel.kalman@atlone.pl,,,,,,,,,,,,,,,,,,,,,,,,,,,,,,,,,,,,,,,,,,,,,,,,,,,,,,,,,,,,,,,,,,,,,,,,,,,,,,,,,,,,,,,,,,,,,,,,,,,,,,,,,,,
Hillwood Zgierz I,+48 690 000 225,https://www.hillwood.pl/?utm_source=google&utm_medium=gmf_hillwood_zgierz_I,poland@hillwood.com,poland@hillwood.pl,,,,,,,,,,,,,,,,,,,,,,,,,,,,,,,,,,,,,,,,,,,,,,,,,,,,,,,,,,,,,,,,,,,,,,,,,,,,,,,,,,,,,,,,,,,,,,,,,,,,,,,,,,
Magazyny Łódź,+48 663 001 113,http://magazynylodz.pl/,sekretariat@galaktyka.com.pl,,,,,,,,,,,,,,,,,,,,,,,,,,,,,,,,,,,,,,,,,,,,,,,,,,,,,,,,,,,,,,,,,,,,,,,,,,,,,,,,,,,,,,,,,,,,,,,,,,,,,,,,,,,
Magazyny,+48 22 111 00 01,https://www.katmagazyn.pl/magazyny/do-wynajecia/slask/,kontakt@katmagazyn.pl,,,,,,,,,,,,,,,,,,,,,,,,,,,,,,,,,,,,,,,,,,,,,,,,,,,,,,,,,,,,,,,,,,,,,,,,,,,,,,,,,,,,,,,,,,,,,,,,,,,,,,,,,,,
SEGRO Logistics Park Łódź,+48 61 627 01 00,http://www.segro.com/pl,coventry.reception@segro.com,czechrepublic@segro.com,france@segro.com,germany@segro.com,infoitaly@segro.com,katowice@SEGRO.com,london.reception@SEGRO.com,london.reception@segro.com,poland@SEGRO.com,spain@SEGRO.com,stehelpdesk@segro.com,thenetherlands@SEGRO.com,warsaw@SEGRO.com,,,,,,,,,,,,,,,,,,,,,,,,,,,,,,,,,,,,,,,,,,,,,,,,,,,,,,,,,,,,,,,,,,,,,,,,,,,,,,,,,,,,,,,,,,,,,,,
Less Mess Kryspinów - Magazyny Self Storage Kraków,+48 12 292 96 51,https://www.lessmess.storage/self-storage-krakow/,bemowo@lessmess.pl,czekoladowa@lessmess.pl,dabrowskiego@lessmess.pl,dejvice@lessmess.cz,holesovice@lessmess.cz,jasien@lessmess.pl,kowale@lessmess.pl,krakowska@lessmess.pl,kryspinow@lessmess.pl,modlinska@lessmess.pl,modlniczka@lessmess.pl,ostrowska@lessmess.pl,pankrac@lessmess.cz,pelczynska@lessmess.pl,poleczki@lessmess.pl,rumia@lessmess.pl,siekierkowska@lessmess.pl,torunska@lessmess.pl,,,,,,,,,,,,,,,,,,,,,,,,,,,,,,,,,,,,,,,,,,,,,,,,,,,,,,,,,,,,,,,,,,,,,,,,,,,,,,,,,,,,,,,,,,
Hmsteel Magazyn 2,,http://www.hmsteel.pl/,info@hmsteel.pl,kontakt@hmsteel.pl,,,,,,,,,,,,,,,,,,,,,,,,,,,,,,,,,,,,,,,,,,,,,,,,,,,,,,,,,,,,,,,,,,,,,,,,,,,,,,,,,,,,,,,,,,,,,,,,,,,,,,,,,,
Magazyn logistyczny THALE Sp. z o. o. Sp. k. (właściciel marki NICZUK),+48 12 658 68 80,https://niczuk.pl/,formularz@niczuk.pl,,,,,,,,,,,,,,,,,,,,,,,,,,,,,,,,,,,,,,,,,,,,,,,,,,,,,,,,,,,,,,,,,,,,,,,,,,,,,,,,,,,,,,,,,,,,,,,,,,,,,,,,,,,
Mały Magazyn - kontenery magazynowe selfstorage,+48 609 565 292,http://www.malymagazyn.pl/,michal.gurgul.prv@gmail.com,,,,,,,,,,,,,,,,,,,,,,,,,,,,,,,,,,,,,,,,,,,,,,,,,,,,,,,,,,,,,,,,,,,,,,,,,,,,,,,,,,,,,,,,,,,,,,,,,,,,,,,,,,,
ATTIC - magazyn Skotnicka,+48 12 260 82 20,http://attic.pl/,attic@psbprofi.com.pl,doradcy@attic.pl,,,,,,,,,,,,,,,,,,,,,,,,,,,,,,,,,,,,,,,,,,,,,,,,,,,,,,,,,,,,,,,,,,,,,,,,,,,,,,,,,,,,,,,,,,,,,,,,,,,,,,,,,,
Magazyn Mix-Meble,+48 604 131 362,http://www.fthmerc.pl/,info@fthmerc.pl,,,,,,,,,,,,,,,,,,,,,,,,,,,,,,,,,,,,,,,,,,,,,,,,,,,,,,,,,,,,,,,,,,,,,,,,,,,,,,,,,,,,,,,,,,,,,,,,,,,,,,,,,,,
Newmor Polska Sp. z o.o. Magazyn,+48 12 656 72 60,http://www.newmor.pl/,biuro@newmor.pl,gdansk@newmor.pl,oferty@newmor.pl,warszawa@newmor.pl,,,,,,,,,,,,,,,,,,,,,,,,,,,,,,,,,,,,,,,,,,,,,,,,,,,,,,,,,,,,,,,,,,,,,,,,,,,,,,,,,,,,,,,,,,,,,,,,,,,,,,,,
eurocash kraków,+48 32 661 03 30,https://dystrybucja.grupaeurocash.pl/,cok@eurocash.pl,,,,,,,,,,,,,,,,,,,,,,,,,,,,,,,,,,,,,,,,,,,,,,,,,,,,,,,,,,,,,,,,,,,,,,,,,,,,,,,,,,,,,,,,,,,,,,,,,,,,,,,,,,,
Factory Park Fabryczna,+48 666 581 333,http://factorypark.pl/,karolina@robins.com.pl,kontakt@factorypark.pl,monika@robins.com.pl,,,,,,,,,,,,,,,,,,,,,,,,,,,,,,,,,,,,,,,,,,,,,,,,,,,,,,,,,,,,,,,,,,,,,,,,,,,,,,,,,,,,,,,,,,,,,,,,,,,,,,,,,
Prologis Park Warsaw -Żerań,+48 22 218 36 00,https://www.prologiszeran.com/,marketing-eu@prologis.com,,,,,,,,,,,,,,,,,,,,,,,,,,,,,,,,,,,,,,,,,,,,,,,,,,,,,,,,,,,,,,,,,,,,,,,,,,,,,,,,,,,,,,,,,,,,,,,,,,,,,,,,,,,
Prologis Park Błonie,+48 22 218 36 00,https://www.prologisblonie.com/,marketing-eu@prologis.com,,,,,,,,,,,,,,,,,,,,,,,,,,,,,,,,,,,,,,,,,,,,,,,,,,,,,,,,,,,,,,,,,,,,,,,,,,,,,,,,,,,,,,,,,,,,,,,,,,,,,,,,,,,
Greenyard Logistics Poland Sp. o.o.,+48 46 858 11 00,https://www.greenyardlogistics.pl/,Igor.Nowaczyk@greenyardlogistics.pl,przewoznicy@greenyardlogistics.pl,sales@greenyardlogistics.pl,,,,,,,,,,,,,,,,,,,,,,,,,,,,,,,,,,,,,,,,,,,,,,,,,,,,,,,,,,,,,,,,,,,,,,,,,,,,,,,,,,,,,,,,,,,,,,,,,,,,,,,,,
Centrum logistyczne Hillwood Łazy,+48 690 000 225,https://www.hillwood.pl/nieruchomosci/hillwood-lazy/,poland@hillwood.com,poland@hillwood.pl,,,,,,,,,,,,,,,,,,,,,,,,,,,,,,,,,,,,,,,,,,,,,,,,,,,,,,,,,,,,,,,,,,,,,,,,,,,,,,,,,,,,,,,,,,,,,,,,,,,,,,,,,,
William's Manufacturing Poland - Magazyn,+48 798 346 051,https://www.richmont.pl/,kontakt@w-natural.pl,,,,,,,,,,,,,,,,,,,,,,,,,,,,,,,,,,,,,,,,,,,,,,,,,,,,,,,,,,,,,,,,,,,,,,,,,,,,,,,,,,,,,,,,,,,,,,,,,,,,,,,,,,,
LANGOWSKI LOGISTICS (CFS) MAGAZYN WARSZAWA - PRUSZKÓW,+48 795 586 455,https://warehouses.langowski.eu/logistyka-magazynowa/magazyn-warszawa-pruszkow/,magazyn.warszawa@langowski.eu,magazyny@langowski.eu,,,,,,,,,,,,,,,,,,,,,,,,,,,,,,,,,,,,,,,,,,,,,,,,,,,,,,,,,,,,,,,,,,,,,,,,,,,,,,,,,,,,,,,,,,,,,,,,,,,,,,,,,,
Hillwood Grodzisk Mazowiecki,+48 690 000 225,https://www.hillwood.pl/nieruchomosci/hillwood-grodzisk-mazowiecki/,poland@hillwood.com,poland@hillwood.pl,,,,,,,,,,,,,,,,,,,,,,,,,,,,,,,,,,,,,,,,,,,,,,,,,,,,,,,,,,,,,,,,,,,,,,,,,,,,,,,,,,,,,,,,,,,,,,,,,,,,,,,,,,
GLP Warsaw VI Logistics Centre,,https://eu.glp.com/property/warsaw-vi-logistics-centre/,Marq-Logo-primary@2x.webp,eu-marketing@glp.com,mgorska-wojtas@marqlogistics.com,ravi@blueflamingo.solutions,,,,,,,,,,,,,,,,,,,,,,,,,,,,,,,,,,,,,,,,,,,,,,,,,,,,,,,,,,,,,,,,,,,,,,,,,,,,,,,,,,,,,,,,,,,,,,,,,,,,,,,,
Hillwood,+48 690 000 225,https://www.hillwood.pl/?utm_source=google&utm_medium=gmf_hillwood_blonie,poland@hillwood.com,poland@hillwood.pl,,,,,,,,,,,,,,,,,,,,,,,,,,,,,,,,,,,,,,,,,,,,,,,,,,,,,,,,,,,,,,,,,,,,,,,,,,,,,,,,,,,,,,,,,,,,,,,,,,,,,,,,,,
Rhenus Warehousing Solutions,+48 22 463 95 00,https://www.rhenus.group/rhenus-group/about-us/warehousing-solutions/,Cheminfo-IE@rhenus.com,Info.accounting@nl.rhenus.com,Info.ros@nl.rhenus.com,Rate-IE@rhenus.com,Sales.IEDUB@eu.rhenus.com,Sales.Ireland@rhenus.com,air.ocean@br.rhenus.com,airocean.italy@eu.rhenus.com,airsales.bebru@rhenus.com,airsales.belgg@eu.rhenus.com,akten.ros@at.rhenus.com,antwerpen@cfnr.fr,automotive@de.rhenus.com,boleslawiec@pl.rhenus.com,bradfordsales@uk.rhenus.com,cannock@uk.rhenus.com,centralita.mad@es.rhenus.com,chartering-RS@rhenus.com,chartering.rds@rhenus.com,chartering@at.rhenus.com,concierge-belgium@be.rhenus.com,contact-uk@uk.rhenus.com,contact.jp@rhenus.com,contact@nl.rhenus.com,contact@ua.rhenus.com,donauhafen@at.rhenus.com,enquiriescorby@uk.rhenus.com,freightlogistics@at.rhenus.com,freightlogistics@cz.rhenus.com,freightlogistics@de.rhenus.com,freightlogistics@es.rhenus.com,freightlogistics@fr.rhenus.com,freightlogistics@it.rhenus.com,freightlogistics@kz.rhenus.com,freightlogistics@lt.rhenus.com,freightlogistics@lv.rhenus.com,freightlogistics@ma.rhenus.com,freightlogistics@pt.rhenus.com,gdansk@pl.rhenus.com,gliwice@pl.rhenus.com,hd-service@de.rhenus.com,hd.gdansk@pl.rhenus.com,hd.lodz@pl.rhenus.com,hd.szczecin@pl.rhenus.com,hd.warszawa@pl.rhenus.com,hd.wroclaw@pl.rhenus.com,heathrow@uk.rhenus.com,hhd.lodz@pl.rhenus.com,hightech@de.rhenus.com,homedelivery@pl.rhenus.com,info.NL@rhenus.com,info.airoceanbelgium@eu.rhenus.com,info.assetsandservices@nl.rhenus.com,info.data-office@de.rhenus.com,info.packaging@eu.rhenus.com,info.rl@ch.rhenus.com,info.rml@de.rhenus.com,info.rms@de.rhenus.com,info.road@nl.rhenus.com,info.ros@de.rhenus.com,info.ros@nl.rhenus.com,info@aviasecure.ch,info@be.rhenus.com,info@ch.rhenus.com,info@cuxport.de,info@de.rhenus.com,info@dockx-rhenus.be,info@id.rhenus.com,info@loxx.de,info@nz.rhenus.com,info@ph.rhenus.com,info@rhenus-data.pl,info@rhenusgottardoruffoni.ch,info@sg.rhenus.com,info@si.rhenus.com,info@th.rhenus.com,info@tw.rhenus.com,info@wijnands-bulk-care.be,information@fr.rhenus.com,information@luxport.lu,kontakt@ekoakta.pl,krakow@pl.rhenus.com,kundenservice.augsburg@de.rhenus.com,kundenservice.hamburg@de.rhenus.com,kundenservice.krefeld@de.rhenus.com,lublin@pl.rhenus.com,malaszewicze@pl.rhenus.com,northeast@uk.rhenus.com,rfl@pl.rhenus.com,rhenus.logistics@pl.rhenus.com,rhenus@sk.rhenus.com,risala@kz.rhenus.com,rissha@cn.rhenus.com,rla@at.rhenus.com,sales-nl@rhenus.com,sales.fresh.nlaam@rhenus.com,sales.fresh.nlspl@rhenus.com,sales.ireland@eu.rheus.com,salesws@rhenus.com,silo@de.rhenus.com,silo@rhenus.com,szczecin@pl.rhenus.com,vladyslav.bogomazov@eu.rhenus.com,warehousing.solutions@de.rhenus.com,webinfo@weserport.de,ws.info@nl.rhenus.com,ws.polska@pl.rhenus.com,ws.polska@rhenus.com
The Space Magazyn Paletowy Ołtarzew,+48 574 501 562,http://www.thespace.com.pl/,office@thespace.com.pl,rental@thespace.com.pl,,,,,,,,,,,,,,,,,,,,,,,,,,,,,,,,,,,,,,,,,,,,,,,,,,,,,,,,,,,,,,,,,,,,,,,,,,,,,,,,,,,,,,,,,,,,,,,,,,,,,,,,,,
Hillwood Janki II,+48 690 000 225,https://www.hillwood.pl/?utm_source=google&utm_medium=gmf_hillwood_janki_ii,poland@hillwood.com,poland@hillwood.pl,,,,,,,,,,,,,,,,,,,,,,,,,,,,,,,,,,,,,,,,,,,,,,,,,,,,,,,,,,,,,,,,,,,,,,,,,,,,,,,,,,,,,,,,,,,,,,,,,,,,,,,,,,
Komtur Polska Sp. z o. o. Magazyn/Warehouse,+48 22 566 26 00,http://www.komtur.com/,accounting@komtur.com,ct-freiburg@komtur.com,ct@komtur.com,info.africa@komtur.com,info.asia@komtur.com,info.berlin@komtur.com,info.bulgaria@komtur.com,info.czech@komtur.com,info.france@komtur.com,info.freiburg@komtur.com,info.greece@komtur.com,info.hungary@komtur.com,info.iberia@komtur.com,info.italy@komtur.com,info.middleeast@komtur.com,info.northamerica@komtur.com,info.polska@komtur.com,info.romania@komtur.com,info.slovakia@komtur.com,info.southamerica@komtur.com,info.swiss@komtur.com,info.uk@komtur.com,invoicing.team@komtur.com,ksiegowosc@komtur.com,logistics@komtur.com,logistyka@komtur.com,marketing@komtur.com,naleznosci@komtur.com,quality@komtur.com,recherche.import@komtur.com,reklamacje@komtur.com,transportation@komtur.com,zamowienia@komtur.com,zp@komtur.com,,,,,,,,,,,,,,,,,,,,,,,,,,,,,,,,,,,,,,,,,,,,,,,,,,,,,,,,,,,,,,,,,,,,,,,,,,
MW Logistics | Usługi Logistyczne | Fulfillment,+48 608 204 134,https://www.mwlogistics.eu/,info@deltimamw.pl,jan.kowalski@example.com,jan.kujawa@deltimamw.pl,magazyn.warka@deltimamw.pl,,,,,,,,,,,,,,,,,,,,,,,,,,,,,,,,,,,,,,,,,,,,,,,,,,,,,,,,,,,,,,,,,,,,,,,,,,,,,,,,,,,,,,,,,,,,,,,,,,,,,,,,
Meble Forte magazyn,+48 883 843 134,https://www.forte.com.pl/,forte@forte.com.pl,,,,,,,,,,,,,,,,,,,,,,,,,,,,,,,,,,,,,,,,,,,,,,,,,,,,,,,,,,,,,,,,,,,,,,,,,,,,,,,,,,,,,,,,,,,,,,,,,,,,,,,,,,,
MAAT4 Magazyn,,https://www.maat4.pl/,maat4@maat4.pl,serwis24@maat4.pl,,,,,,,,,,,,,,,,,,,,,,,,,,,,,,,,,,,,,,,,,,,,,,,,,,,,,,,,,,,,,,,,,,,,,,,,,,,,,,,,,,,,,,,,,,,,,,,,,,,,,,,,,,
Eurocash Dystrybucja,+48 516 010 615,https://dystrybucja.grupaeurocash.pl/,cok@eurocash.pl,,,,,,,,,,,,,,,,,,,,,,,,,,,,,,,,,,,,,,,,,,,,,,,,,,,,,,,,,,,,,,,,,,,,,,,,,,,,,,,,,,,,,,,,,,,,,,,,,,,,,,,,,,,
CTPark Opole,+48 696 870 000,https://www.ctp.eu/ctpark-opole/,marketing.pl@ctp.eu,piotr.merta@ctp.eu,,,,,,,,,,,,,,,,,,,,,,,,,,,,,,,,,,,,,,,,,,,,,,,,,,,,,,,,,,,,,,,,,,,,,,,,,,,,,,,,,,,,,,,,,,,,,,,,,,,,,,,,,,
Opolgraf - Magazyn- Warehouse,+48 77 454 52 44,https://opolgraf.com.pl/,administracja@opolgraf.com.pl,anna.suchan@opolgraf.com.pl,anna.wnuk@opolgraf.com.pl,biuro@opolgraf.com.pl,ctp@opolgraf.com.pl,dominika.niesluchowska@opolgraf.com.pl,ekspedycja@opolgraf.com.pl,jakosc@opolgraf.com.pl,joanna.koziol@opolgraf.com.pl,justyna.palka@opolgraf.com.pl,karolina.nowak@opolgraf.com.pl,katarzyna.zajac@opolgraf.com.pl,krystian.lobacz@opolgraf.com.pl,krystyna.gumowska@opolgraf.com.pl,mazurkiewicz@opolgraf.com.pl,piotr.figiel@opolgraf.com.pl,piotr.gwizdzil@opolgraf.com.pl,pr@opolgraf.com.pl,wioleta.zachaczewska@opolgraf.com.pl,zaopatrzenie@opolgraf.com.pl,,,,,,,,,,,,,,,,,,,,,,,,,,,,,,,,,,,,,,,,,,,,,,,,,,,,,,,,,,,,,,,,,,,,,,,,,,,,,,,,,,,,,,,,
Opole Logistic Center Sp. o.o.,+48 77 401 90 04,http://www.ocl.com.pl/,biuro@ocl.com.pl,,,,,,,,,,,,,,,,,,,,,,,,,,,,,,,,,,,,,,,,,,,,,,,,,,,,,,,,,,,,,,,,,,,,,,,,,,,,,,,,,,,,,,,,,,,,,,,,,,,,,,,,,,,
Safe Box - Twoja przestrzeń magazynowa,+48 668 383 899,https://safe-box.pl/,kontakt@safe-box.pl,,,,,,,,,,,,,,,,,,,,,,,,,,,,,,,,,,,,,,,,,,,,,,,,,,,,,,,,,,,,,,,,,,,,,,,,,,,,,,,,,,,,,,,,,,,,,,,,,,,,,,,,,,,
"Schowek Na Wynajem - Magazyn samoobsługowy Opole, Skrytki na wynajem Opole",+48 665 661 061,https://schoweknawynajem.pl/,Bok@schoweknawynajem.pl,bok@schoweknawynajem.pl,,,,,,,,,,,,,,,,,,,,,,,,,,,,,,,,,,,,,,,,,,,,,,,,,,,,,,,,,,,,,,,,,,,,,,,,,,,,,,,,,,,,,,,,,,,,,,,,,,,,,,,,,,
Deufol Polska Opole,+49 1516 4579331,http://www.deufol.com/,info@deufol.com,kontakt@deufol.com,,,,,,,,,,,,,,,,,,,,,,,,,,,,,,,,,,,,,,,,,,,,,,,,,,,,,,,,,,,,,,,,,,,,,,,,,,,,,,,,,,,,,,,,,,,,,,,,,,,,,,,,,,
Eurocash Dystrybucja,+48 32 661 03 30,https://dystrybucja.eurocash.pl/,cok@eurocash.pl,,,,,,,,,,,,,,,,,,,,,,,,,,,,,,,,,,,,,,,,,,,,,,,,,,,,,,,,,,,,,,,,,,,,,,,,,,,,,,,,,,,,,,,,,,,,,,,,,,,,,,,,,,,
Eurocash Dystrybucja,,http://dystrybucja.eurocash.pl/,cok@eurocash.pl,,,,,,,,,,,,,,,,,,,,,,,,,,,,,,,,,,,,,,,,,,,,,,,,,,,,,,,,,,,,,,,,,,,,,,,,,,,,,,,,,,,,,,,,,,,,,,,,,,,,,,,,,,,
Piomar Sp. z o.o. - Transport i Logistyka,+48 77 400 88 00,http://www.piomar.pl/,magazyn@piomar.pl,opole.magazyn@piomar.pl,park3.opole@piomar.pl,piomar@piomar.pl,rogow.magazyn@piomar.pl,warsztat@piomar.pl,,,,,,,,,,,,,,,,,,,,,,,,,,,,,,,,,,,,,,,,,,,,,,,,,,,,,,,,,,,,,,,,,,,,,,,,,,,,,,,,,,,,,,,,,,,,,,,,,,,,,,
Hurtownia Chemii Gospodarczej Higiena Kompleks,+48 600 469 776,http://www.hurtowniasrodkowczystosci.pl/,p.haczkiewicz@higma-service.pl,,,,,,,,,,,,,,,,,,,,,,,,,,,,,,,,,,,,,,,,,,,,,,,,,,,,,,,,,,,,,,,,,,,,,,,,,,,,,,,,,,,,,,,,,,,,,,,,,,,,,,,,,,,
LPP Logistics – Magazyn E-commerce Podkarpacie,,https://www.lpplogistics.com/,kontakt@lpplogistics.com,,,,,,,,,,,,,,,,,,,,,,,,,,,,,,,,,,,,,,,,,,,,,,,,,,,,,,,,,,,,,,,,,,,,,,,,,,,,,,,,,,,,,,,,,,,,,,,,,,,,,,,,,,,
Waimea Logistic Park Korczowa Młyny 115,,http://www.waimeaholding.pl/,biuro@waimeaholding.pl,progala@waimeaholding.pl,scichocki@waimeaholding.pl,tciesielski@waimeaholding.pl,wynajem@waimeaholding.pl,,,,,,,,,,,,,,,,,,,,,,,,,,,,,,,,,,,,,,,,,,,,,,,,,,,,,,,,,,,,,,,,,,,,,,,,,,,,,,,,,,,,,,,,,,,,,,,,,,,,,,,
DL Invest Park Rzeszów Centrum Logistyczne,+48 32 661 98 17,https://dlmagazyny.pl/,kontakt@dlmagazyny.pl,,,,,,,,,,,,,,,,,,,,,,,,,,,,,,,,,,,,,,,,,,,,,,,,,,,,,,,,,,,,,,,,,,,,,,,,,,,,,,,,,,,,,,,,,,,,,,,,,,,,,,,,,,,
JB Fulfillment,+48 602 453 946,https://jbfulfillment.pl/,biuro@jbfulfillment.pl,,,,,,,,,,,,,,,,,,,,,,,,,,,,,,,,,,,,,,,,,,,,,,,,,,,,,,,,,,,,,,,,,,,,,,,,,,,,,,,,,,,,,,,,,,,,,,,,,,,,,,,,,,,
Falkon International MAGAZYN,+48 727 412 777,http://www.falkoninternational.pl/,info@falkondt.pl,,,,,,,,,,,,,,,,,,,,,,,,,,,,,,,,,,,,,,,,,,,,,,,,,,,,,,,,,,,,,,,,,,,,,,,,,,,,,,,,,,,,,,,,,,,,,,,,,,,,,,,,,,,
Magazyn Cerbex,+48 13 424 20 30,http://cerbex.pl/,cerbex@cerbex.pl,,,,,,,,,,,,,,,,,,,,,,,,,,,,,,,,,,,,,,,,,,,,,,,,,,,,,,,,,,,,,,,,,,,,,,,,,,,,,,,,,,,,,,,,,,,,,,,,,,,,,,,,,,,
LCube Rzeszów Airport,,https://www.lcube.pl/,BIURO@LCUBE.PL,biuro@lcube.pl,,,,,,,,,,,,,,,,,,,,,,,,,,,,,,,,,,,,,,,,,,,,,,,,,,,,,,,,,,,,,,,,,,,,,,,,,,,,,,,,,,,,,,,,,,,,,,,,,,,,,,,,,,
Bauer Fitness Magazyn,+48 697 942 851,http://www.bauerfitness.com/,bartek.mazalon@o2.pl,online@bauerfitness.com,sales2@bauerfitness.com,sales3@bauerfitness.com,sales@bauerfitness.com,,,,,,,,,,,,,,,,,,,,,,,,,,,,,,,,,,,,,,,,,,,,,,,,,,,,,,,,,,,,,,,,,,,,,,,,,,,,,,,,,,,,,,,,,,,,,,,,,,,,,,,
WARE-HOUSE NOWA DĘBA,+48 884 991 298,http://ware-house.pl/,bok@ddregistrar.pl,,,,,,,,,,,,,,,,,,,,,,,,,,,,,,,,,,,,,,,,,,,,,,,,,,,,,,,,,,,,,,,,,,,,,,,,,,,,,,,,,,,,,,,,,,,,,,,,,,,,,,,,,,,
CTPark Rzeszów,+48 696 870 000,http://ctp.eu/,jaromir.cernik@ctp.eu,rkmlaw@ctp.eu,,,,,,,,,,,,,,,,,,,,,,,,,,,,,,,,,,,,,,,,,,,,,,,,,,,,,,,,,,,,,,,,,,,,,,,,,,,,,,,,,,,,,,,,,,,,,,,,,,,,,,,,,,
Greinplast Sp. o.o. Showroom,+48 17 859 14 65,http://www.greinplast.pl/,krasne@greinplast.pl,sekretariat@greinplast.pl,,,,,,,,,,,,,,,,,,,,,,,,,,,,,,,,,,,,,,,,,,,,,,,,,,,,,,,,,,,,,,,,,,,,,,,,,,,,,,,,,,,,,,,,,,,,,,,,,,,,,,,,,,
AW-Narzędzia - Centrum Logistyczne,+48 85 663 14 10,http://www.aw-narzedzia.pl/,biuro@aw-narzedzia.com.pl,,,,,,,,,,,,,,,,,,,,,,,,,,,,,,,,,,,,,,,,,,,,,,,,,,,,,,,,,,,,,,,,,,,,,,,,,,,,,,,,,,,,,,,,,,,,,,,,,,,,,,,,,,,
JMP Centrum logistyczne,+48 577 471 111,https://jmplogistics.pl/,biuro@jmplogistics.pl,,,,,,,,,,,,,,,,,,,,,,,,,,,,,,,,,,,,,,,,,,,,,,,,,,,,,,,,,,,,,,,,,,,,,,,,,,,,,,,,,,,,,,,,,,,,,,,,,,,,,,,,,,,
Magazyn Kaizen Bielsk Podlaski,+48 533 255 125,http://www.kaizen.pl/,-210812233047@2x.webp,-220727142609@2x.webp,15-210806225958@2x.webp,2025.10.17-251017111035-hd@2x.webp,2026.02.10-260210165806-hd@2x.webp,2026.03.17-260317154414-hd@2x.webp,2026.03.30-260330164639-hd@2x.webp,2026.04.01-260407123934-hd@2x.webp,2026.04.09-260409165329-hd@2x.webp,2026.04.23-260423165422-hd@2x.webp,XMLID_808_-210812233050@2x.webp,baner_zaufajnam-220927223249@2x.webp,bialystok@kaizen.pl,bielsk@kaizen.pl,drill-210812233049@2x.webp,ebm_kaizen-220926151421@2x.webp,fasady-wentylowane-220912181733@2x.webp,handlowy@kaizen.pl,ikona_dach2-250429120910@2x.webp,izba-221203000051@2x.webp,kaizen_dla_architektow-220727145710@2x.webp,ksiegowosc@kaizen.pl,marketing@kaizen.pl,oil-barrel-210812233049@2x.webp,oknostolarka-230208155841@2x.webp,outline-210806223558@2x.webp,paint-210812233048@2x.webp,sponge-210812233048@2x.webp,tiles-210812233047@2x.webp,vinderen-strefa-partnerow-krajowy-klaster-budowlany-350x317-1-250129170520@2x.webp,,,,,,,,,,,,,,,,,,,,,,,,,,,,,,,,,,,,,,,,,,,,,,,,,,,,,,,,,,,,,,,,,,,,,,,,,,,,,,
BIKKO S.A. Magazyn,+48 664 061 769,https://www.rowerzysta.pl/,pko@2x.png,sklep@rowerzysta.pl,,,,,,,,,,,,,,,,,,,,,,,,,,,,,,,,,,,,,,,,,,,,,,,,,,,,,,,,,,,,,,,,,,,,,,,,,,,,,,,,,,,,,,,,,,,,,,,,,,,,,,,,,,
Ladung Sp. z o.o. Centrum Logistyczne,+48 602 282 330,https://ladung.pl/,biuro@ladung.pl,,,,,,,,,,,,,,,,,,,,,,,,,,,,,,,,,,,,,,,,,,,,,,,,,,,,,,,,,,,,,,,,,,,,,,,,,,,,,,,,,,,,,,,,,,,,,,,,,,,,,,,,,,,
Greinplast Oddział Bialystok,,http://www.greinplast.pl/,krasne@greinplast.pl,sekretariat@greinplast.pl,,,,,,,,,,,,,,,,,,,,,,,,,,,,,,,,,,,,,,,,,,,,,,,,,,,,,,,,,,,,,,,,,,,,,,,,,,,,,,,,,,,,,,,,,,,,,,,,,,,,,,,,,,
Eurocash Dystrybucja,+48 81 461 26 80,https://dystrybucja.grupaeurocash.pl/,cok@eurocash.pl,,,,,,,,,,,,,,,,,,,,,,,,,,,,,,,,,,,,,,,,,,,,,,,,,,,,,,,,,,,,,,,,,,,,,,,,,,,,,,,,,,,,,,,,,,,,,,,,,,,,,,,,,,,
DSV,+48 506 003 260,https://www.dsv.com/pl-pl/,info@cookieinformation.com,,,,,,,,,,,,,,,,,,,,,,,,,,,,,,,,,,,,,,,,,,,,,,,,,,,,,,,,,,,,,,,,,,,,,,,,,,,,,,,,,,,,,,,,,,,,,,,,,,,,,,,,,,,
LANGOWSKI LOGISTICS (CFS) MAGAZYN GDANSK,+48 58 355 74 00,https://langowski.eu/uslugi/logistyka-magazynowa/magazyn-gdansk/,info@langowski.eu,magazyny@langowski.eu,,,,,,,,,,,,,,,,,,,,,,,,,,,,,,,,,,,,,,,,,,,,,,,,,,,,,,,,,,,,,,,,,,,,,,,,,,,,,,,,,,,,,,,,,,,,,,,,,,,,,,,,,,
Savino Del Bene Poland Sp. z o.o. - Magazyn Gdańsk,+48 451 163 001,https://www.savinodelbene.com/poland/,cracow@savinodelbene.com,,,,,,,,,,,,,,,,,,,,,,,,,,,,,,,,,,,,,,,,,,,,,,,,,,,,,,,,,,,,,,,,,,,,,,,,,,,,,,,,,,,,,,,,,,,,,,,,,,,,,,,,,,,
Max Grain Polska sp. z o.o. warehouse in the port Gdynia,+48 690 550 158,http://www.maxgrain.com/,biuro@maxgrain.com,cristofer.cieslak@maxgrain.com,damian.cichocki@maxgrain.com,faktury@maxgrain.com,joanna.onderska@maxgrain.com,logistyka@maxgrain.com,michal.ignaczak@maxgrain.com,natalia.poninska@maxgrain.com,natalia.witaszek@maxgrain.com,radoslav@maxgrain.com,rafal.zawistowski@maxgrain.com,tomasz.onderski@maxgrain.com,umowy@maxgrain.com,yevhen.horbunov@maxgrain.com,,,,,,,,,,,,,,,,,,,,,,,,,,,,,,,,,,,,,,,,,,,,,,,,,,,,,,,,,,,,,,,,,,,,,,,,,,,,,,,,,,,,,,,,,,,,,,
P3 Logistic Parks,,https://www.p3parks.com/our-locations/poland/p3-gdansk,info.office@p3parks.com,info@p3parks.com,michal.kowalczyk@p3parks.com,,,,,,,,,,,,,,,,,,,,,,,,,,,,,,,,,,,,,,,,,,,,,,,,,,,,,,,,,,,,,,,,,,,,,,,,,,,,,,,,,,,,,,,,,,,,,,,,,,,,,,,,,
Prologis Park Ruda Śląska,+48 22 218 36 00,https://www.prologisruda.com/,marketing-eu@prologis.com,,,,,,,,,,,,,,,,,,,,,,,,,,,,,,,,,,,,,,,,,,,,,,,,,,,,,,,,,,,,,,,,,,,,,,,,,,,,,,,,,,,,,,,,,,,,,,,,,,,,,,,,,,,
ProLogis Park Chorzow,+48 662 121 503,https://prologisparkchorzow.com/,marketing-eu@prologis.com,,,,,,,,,,,,,,,,,,,,,,,,,,,,,,,,,,,,,,,,,,,,,,,,,,,,,,,,,,,,,,,,,,,,,,,,,,,,,,,,,,,,,,,,,,,,,,,,,,,,,,,,,,,
GLP Park Gliwice II,,https://eu.glp.com/pl/nieruchomo%C5%9Bci/gliwice-ii-logistics-centre/,Marq-Logo-primary@2x.webp,eu-marketing@glp.com,mzuchniewicz@marqlogistics.com,ravi@blueflamingo.solutions,,,,,,,,,,,,,,,,,,,,,,,,,,,,,,,,,,,,,,,,,,,,,,,,,,,,,,,,,,,,,,,,,,,,,,,,,,,,,,,,,,,,,,,,,,,,,,,,,,,,,,,,
7R Park Kielce - magazyny do wynajęcia,+48 22 270 13 90,https://www.7rsa.pl/magazyny/7R-Park-Kielce?utm_source=googlemaps&utm_medium=organic&utm_campaign=wizytowka-kielce,administrator.rodo@7rsa.pl,bartosz.kwasniewski@7rsa.pl,biuro@7rsa.pl,jakub.rzezuchowski@7rsa.pl,np.jan@poczta.pl,,,,,,,,,,,,,,,,,,,,,,,,,,,,,,,,,,,,,,,,,,,,,,,,,,,,,,,,,,,,,,,,,,,,,,,,,,,,,,,,,,,,,,,,,,,,,,,,,,,,,,,
Eurocash Dystrybucja,+48 32 661 03 30,https://dystrybucja.grupaeurocash.pl/,cok@eurocash.pl,,,,,,,,,,,,,,,,,,,,,,,,,,,,,,,,,,,,,,,,,,,,,,,,,,,,,,,,,,,,,,,,,,,,,,,,,,,,,,,,,,,,,,,,,,,,,,,,,,,,,,,,,,,
Grupa Lewandowski sp. z o. o.,+48 534 978 739,https://fulfillment-polska.pl/,kontakt@fulfillment-polska.pl,twoj@email.pl,,,,,,,,,,,,,,,,,,,,,,,,,,,,,,,,,,,,,,,,,,,,,,,,,,,,,,,,,,,,,,,,,,,,,,,,,,,,,,,,,,,,,,,,,,,,,,,,,,,,,,,,,,
Wipasz S.A.,+48 89 543 56 50,http://wipasz.pl/?utm_medium=organic&utm_source=google_maps&utm_campaign=google_maps&utm_content=web_url,dlamediow@wipasz.pl,info@wipasz.pl,kadry@wipasz.pl,logistyka.mlawa@wipasz.pl,logistyka.surowce@wipasz.pl,rekrutacja.mlawa@wipasz.pl,rekrutacja.mp@wipasz.pl,salessupport@wipasz.pl,transport@wipasz.pl,zamowienia@wipasz.pl,,,,,,,,,,,,,,,,,,,,,,,,,,,,,,,,,,,,,,,,,,,,,,,,,,,,,,,,,,,,,,,,,,,,,,,,,,,,,,,,,,,,,,,,,,,,,,,,,,
House Machinery Parts,+48 690 212 644,http://www.silowniki-maszyny.pl/,sylwia@hmp.olsztyn.pl,,,,,,,,,,,,,,,,,,,,,,,,,,,,,,,,,,,,,,,,,,,,,,,,,,,,,,,,,,,,,,,,,,,,,,,,,,,,,,,,,,,,,,,,,,,,,,,,,,,,,,,,,,,
Neptun Sp. z o.o. oddział Olsztyn,+48 885 235 200,https://www.neptun.lublin.pl/,budowlany@neptun.lublin.pl,,,,,,,,,,,,,,,,,,,,,,,,,,,,,,,,,,,,,,,,,,,,,,,,,,,,,,,,,,,,,,,,,,,,,,,,,,,,,,,,,,,,,,,,,,,,,,,,,,,,,,,,,,,
Chemia Sp. z o.o. oddział Olsztyn,+48 532 087 026,http://www.chemiagda.pl/,sekretariat@chemiagda.pl,,,,,,,,,,,,,,,,,,,,,,,,,,,,,,,,,,,,,,,,,,,,,,,,,,,,,,,,,,,,,,,,,,,,,,,,,,,,,,,,,,,,,,,,,,,,,,,,,,,,,,,,,,,
Merida Olsztyn,+48 89 535 84 91,https://merida.com.pl/oddzialy/merida-olsztyn,olsztyn@merida.com.pl,remigiusz.jarosz@merida.com.pl,slawomir.pazdziorko@merida.com.pl,wojciech.jarosz@merida.com.pl,,,,,,,,,,,,,,,,,,,,,,,,,,,,,,,,,,,,,,,,,,,,,,,,,,,,,,,,,,,,,,,,,,,,,,,,,,,,,,,,,,,,,,,,,,,,,,,,,,,,,,,,
Asimpex Wytwórnia Mebli,+48 89 512 01 94,http://www.asimpex.pl/,asimpex@asimpex.pl,,,,,,,,,,,,,,,,,,,,,,,,,,,,,,,,,,,,,,,,,,,,,,,,,,,,,,,,,,,,,,,,,,,,,,,,,,,,,,,,,,,,,,,,,,,,,,,,,,,,,,,,,,,
Własny Box Self Storage Olsztyn,+48 504 604 750,https://www.wlasnybox.pl/,kontakt@wlasnybox.pl,,,,,,,,,,,,,,,,,,,,,,,,,,,,,,,,,,,,,,,,,,,,,,,,,,,,,,,,,,,,,,,,,,,,,,,,,,,,,,,,,,,,,,,,,,,,,,,,,,,,,,,,,,,
Centrum Logistyczne Hillwood Poznań Czempiń,+48 690 000 225,https://www.hillwood.pl/nieruchomosci/hillwood-poznan-czempin/,poland@hillwood.com,poland@hillwood.pl,,,,,,,,,,,,,,,,,,,,,,,,,,,,,,,,,,,,,,,,,,,,,,,,,,,,,,,,,,,,,,,,,,,,,,,,,,,,,,,,,,,,,,,,,,,,,,,,,,,,,,,,,,
Warehouse Box,,https://www.warehousebox.net/,hello@warehousebox.net,,,,,,,,,,,,,,,,,,,,,,,,,,,,,,,,,,,,,,,,,,,,,,,,,,,,,,,,,,,,,,,,,,,,,,,,,,,,,,,,,,,,,,,,,,,,,,,,,,,,,,,,,,,
Prologis Park Poznań II,+48 74 120 90 39,https://www.prologispoznan2.com/,marketing-eu@prologis.com,,,,,,,,,,,,,,,,,,,,,,,,,,,,,,,,,,,,,,,,,,,,,,,,,,,,,,,,,,,,,,,,,,,,,,,,,,,,,,,,,,,,,,,,,,,,,,,,,,,,,,,,,,,
P3 Poznań,,https://www.p3parks.com/pl/parki-p3/platforma-5/mapa-5/3-p3-poznan/podstawowe-informacje/,info.office@p3parks.com,info@p3parks.com,michalina.ksieniewicz@p3parks.com,,,,,,,,,,,,,,,,,,,,,,,,,,,,,,,,,,,,,,,,,,,,,,,,,,,,,,,,,,,,,,,,,,,,,,,,,,,,,,,,,,,,,,,,,,,,,,,,,,,,,,,,,
Hermespol - MAGAZYN A2,+48 509 914 010,https://hermespol.com.pl/magazyn/,biuro@hermespol.com.pl,coordinator@hermespol.com.pl,,,,,,,,,,,,,,,,,,,,,,,,,,,,,,,,,,,,,,,,,,,,,,,,,,,,,,,,,,,,,,,,,,,,,,,,,,,,,,,,,,,,,,,,,,,,,,,,,,,,,,,,,,
Poland Raben Logistics Headquarters,+48 61 898 88 00,https://polska.raben-group.com/?utm_source=Google&utm_medium=GMB+RLP&utm_campaign=GMB+RLP,759ec9b3154a0b4947ff9df6e3d9af3a@www.sentry.macopedia-dev.pl,,,,,,,,,,,,,,,,,,,,,,,,,,,,,,,,,,,,,,,,,,,,,,,,,,,,,,,,,,,,,,,,,,,,,,,,,,,,,,,,,,,,,,,,,,,,,,,,,,,,,,,,,,,
Modern Warehouse,,http://modern-warehouse.pl/,bok@forum-media.pl,joanna.ochocka-wieczorek@forum-media.pl,katarzyna.witowska-gora@forum-media.pl,pawel.los@vertiflex.eu,piotr.motyl@forum-media.pl,,,,,,,,,,,,,,,,,,,,,,,,,,,,,,,,,,,,,,,,,,,,,,,,,,,,,,,,,,,,,,,,,,,,,,,,,,,,,,,,,,,,,,,,,,,,,,,,,,,,,,,
Warehouse Monitor,+48 61 646 91 30,http://warehouse-monitor.pl/,adam.turek@4content.pl,marek.kozlowicz@4content.pl,prenumerata-wm@4content.pl,sebastian.sliwienski@4content.pl,tomasz.zygarlowski@4content.pl,,,,,,,,,,,,,,,,,,,,,,,,,,,,,,,,,,,,,,,,,,,,,,,,,,,,,,,,,,,,,,,,,,,,,,,,,,,,,,,,,,,,,,,,,,,,,,,,,,,,,,,
ECTA POLSKA Sp. z oo,+48 61 823 41 51,http://www.ecta.com.pl/,info@ecta-gmbh.de,,,,,,,,,,,,,,,,,,,,,,,,,,,,,,,,,,,,,,,,,,,,,,,,,,,,,,,,,,,,,,,,,,,,,,,,,,,,,,,,,,,,,,,,,,,,,,,,,,,,,,,,,,,
LOGISTEED Poland Magazyn Poznań,+48 512 352 598,https://esa-logistics.cz/pl/,info@esa-logistics.eu,,,,,,,,,,,,,,,,,,,,,,,,,,,,,,,,,,,,,,,,,,,,,,,,,,,,,,,,,,,,,,,,,,,,,,,,,,,,,,,,,,,,,,,,,,,,,,,,,,,,,,,,,,,
Westwing ELC5,,https://www.westwing.pl/campaign/,service@westwing.pl,,,,,,,,,,,,,,,,,,,,,,,,,,,,,,,,,,,,,,,,,,,,,,,,,,,,,,,,,,,,,,,,,,,,,,,,,,,,,,,,,,,,,,,,,,,,,,,,,,,,,,,,,,,
Terminal Poznań,+48 882 644 222,https://www.facebook.com/terminalpoznan,terminal@terminalpoznan.pl,,,,,,,,,,,,,,,,,,,,,,,,,,,,,,,,,,,,,,,,,,,,,,,,,,,,,,,,,,,,,,,,,,,,,,,,,,,,,,,,,,,,,,,,,,,,,,,,,,,,,,,,,,,
CDW - Magazyn,,http://www.cdw.net.pl/,flags@2x.webp,globe@2x.webp,jan@kowalski.com,sklep@cdw.net.pl,,,,,,,,,,,,,,,,,,,,,,,,,,,,,,,,,,,,,,,,,,,,,,,,,,,,,,,,,,,,,,,,,,,,,,,,,,,,,,,,,,,,,,,,,,,,,,,,,,,,,,,,
Arvato Polska,+48 61 652 88 00,http://arvato.com/,cxc@arvato.com,,,,,,,,,,,,,,,,,,,,,,,,,,,,,,,,,,,,,,,,,,,,,,,,,,,,,,,,,,,,,,,,,,,,,,,,,,,,,,,,,,,,,,,,,,,,,,,,,,,,,,,,,,,
Fresh Logistics Poland,+48 61 898 84 00,https://polska.raben-group.com/o-nas/grupa-raben-w-polsce/fresh-logistics-polska/?utm_source=Google&utm_medium=GMB+Fresh-R&utm_campaign=GMB+Fresh+Raben,759ec9b3154a0b4947ff9df6e3d9af3a@www.sentry.macopedia-dev.pl,Dariusz.deka@raben-group.com,artur.orlowski@raben-group.com,dariusz.deka@raben-group.com,freshlogistics@raben-group.com,karolina.kamrowska@raben-group.com,maciej.dzioban@raben-group.com,recepcjafl@raben-group.com,robert.kozak@raben-group.com,,,,,,,,,,,,,,,,,,,,,,,,,,,,,,,,,,,,,,,,,,,,,,,,,,,,,,,,,,,,,,,,,,,,,,,,,,,,,,,,,,,,,,,,,,,,,,,,,,,
Bwa MAGAZYN,+48 61 867 17 26,https://bwa.com.pl/,andrzej@bwa.com.pl,hania@bwa.com.pl,piotr@bwa.com.pl,tadeusz@bwa.com.pl,wojtek@bwa.com.pl,,,,,,,,,,,,,,,,,,,,,,,,,,,,,,,,,,,,,,,,,,,,,,,,,,,,,,,,,,,,,,,,,,,,,,,,,,,,,,,,,,,,,,,,,,,,,,,,,,,,,,,
Raben Logistics Polska hala 10 Bolsius,+48 61 898 81 00,https://polska.raben-group.com/?utm_source=Google&utm_medium=GMB+RLP&utm_campaign=GMB+RLP,759ec9b3154a0b4947ff9df6e3d9af3a@www.sentry.macopedia-dev.pl,,,,,,,,,,,,,,,,,,,,,,,,,,,,,,,,,,,,,,,,,,,,,,,,,,,,,,,,,,,,,,,,,,,,,,,,,,,,,,,,,,,,,,,,,,,,,,,,,,,,,,,,,,,
Centrum Magazynowe Paczkowo,+48 61 815 86 22,http://www.bud-rental.pl/,biuro@bud-rental.pl,,,,,,,,,,,,,,,,,,,,,,,,,,,,,,,,,,,,,,,,,,,,,,,,,,,,,,,,,,,,,,,,,,,,,,,,,,,,,,,,,,,,,,,,,,,,,,,,,,,,,,,,,,,
Westwing ELC7,,http://westwing.pl/,service@westwing.pl,,,,,,,,,,,,,,,,,,,,,,,,,,,,,,,,,,,,,,,,,,,,,,,,,,,,,,,,,,,,,,,,,,,,,,,,,,,,,,,,,,,,,,,,,,,,,,,,,,,,,,,,,,,
Raben Logistics Polska oddział w Gądkach | Magazynowanie i Transport,,https://polska.raben-group.com/uslugi-logistyczne/logistyka-kontraktowa/magazynowanie-towarow/magazyn-gadki?utm_source=GMP&utm_medium=Gadki,759ec9b3154a0b4947ff9df6e3d9af3a@www.sentry.macopedia-dev.pl,biuro@domena.com,,,,,,,,,,,,,,,,,,,,,,,,,,,,,,,,,,,,,,,,,,,,,,,,,,,,,,,,,,,,,,,,,,,,,,,,,,,,,,,,,,,,,,,,,,,,,,,,,,,,,,,,,,
DSV,+48 22 164 83 80,https://www.dsv.com/pl-pl/,info@cookieinformation.com,,,,,,,,,,,,,,,,,,,,,,,,,,,,,,,,,,,,,,,,,,,,,,,,,,,,,,,,,,,,,,,,,,,,,,,,,,,,,,,,,,,,,,,,,,,,,,,,,,,,,,,,,,,
Bell Kostrzyn,+48 61 891 91 70,http://bellpolska.com.pl/,dzmp@bellpolska.com.pl,faktury@bellpolska.com.pl,kontakt@bellpolska.com.pl,marketing@bellpolska.com.pl,zamowienia@bellpolska.com.pl,,,,,,,,,,,,,,,,,,,,,,,,,,,,,,,,,,,,,,,,,,,,,,,,,,,,,,,,,,,,,,,,,,,,,,,,,,,,,,,,,,,,,,,,,,,,,,,,,,,,,,,
H&M Group (Sellpy),,https://www.facebook.com/share/1AQosxJeYX/?mibextid=wwXIfr,rekrutacja.robakowo@hm.com,,,,,,,,,,,,,,,,,,,,,,,,,,,,,,,,,,,,,,,,,,,,,,,,,,,,,,,,,,,,,,,,,,,,,,,,,,,,,,,,,,,,,,,,,,,,,,,,,,,,,,,,,,,
Prologis Park Poznań III,+48 22 218 36 00,https://www.prologispoznan3.com/,marketing-eu@prologis.com,,,,,,,,,,,,,,,,,,,,,,,,,,,,,,,,,,,,,,,,,,,,,,,,,,,,,,,,,,,,,,,,,,,,,,,,,,,,,,,,,,,,,,,,,,,,,,,,,,,,,,,,,,,
Jeronimo Martins Distribution SA Distribution Centre,+48 61 654 80 01,http://karierawjm.pl/,jmp.rekrutacja@jeronimo-martins.com,,,,,,,,,,,,,,,,,,,,,,,,,,,,,,,,,,,,,,,,,,,,,,,,,,,,,,,,,,,,,,,,,,,,,,,,,,,,,,,,,,,,,,,,,,,,,,,,,,,,,,,,,,,
Marathon Fulfillment,+48 603 781 473,https://emarathon.eu/magazynowanie/,inquiry@emarathon.eu,,,,,,,,,,,,,,,,,,,,,,,,,,,,,,,,,,,,,,,,,,,,,,,,,,,,,,,,,,,,,,,,,,,,,,,,,,,,,,,,,,,,,,,,,,,,,,,,,,,,,,,,,,,
7R Park Poznań East II,+48 22 270 13 90,https://www.7rsa.pl/magazyny/7R-Park-Poznan-East-II,bartosz.kwasniewski@7rsa.pl,biuro@7rsa.pl,,,,,,,,,,,,,,,,,,,,,,,,,,,,,,,,,,,,,,,,,,,,,,,,,,,,,,,,,,,,,,,,,,,,,,,,,,,,,,,,,,,,,,,,,,,,,,,,,,,,,,,,,,
"ORBICO Sp. z o.o., oddz. Supply, Centrum Dystrybucyjne Robakowo",+48 692 470 849,https://www.orbicosupply.com/pl,sales.supply.pl@orbico.com,,,,,,,,,,,,,,,,,,,,,,,,,,,,,,,,,,,,,,,,,,,,,,,,,,,,,,,,,,,,,,,,,,,,,,,,,,,,,,,,,,,,,,,,,,,,,,,,,,,,,,,,,,,
Colian Logistic Sp. z o.o. Transport Poznań,+48 61 646 00 91,https://www.colianlogistic.pl/kontakt,atrawkowska@colian.com,djaszczynska@colian.com,djeromin@colian.com,handlowy@colian.com,ihonchar@colian.com,jhyla@colian.com,jkraska@colian.com,jkraskazosik@colian.com,mwojewodzka@colian.com,platnosci_cl@colian.com,psalamon@colian.com,referenci_cl@colian.com,rtalar@colian.com,tadamczyk@colian.com,,,,,,,,,,,,,,,,,,,,,,,,,,,,,,,,,,,,,,,,,,,,,,,,,,,,,,,,,,,,,,,,,,,,,,,,,,,,,,,,,,,,,,,,,,,,,,
Hermespol,+48 697 224 020,https://hermespol.com.pl/,biuro@hermespol.com.pl,coordinator@hermespol.com.pl,,,,,,,,,,,,,,,,,,,,,,,,,,,,,,,,,,,,,,,,,,,,,,,,,,,,,,,,,,,,,,,,,,,,,,,,,,,,,,,,,,,,,,,,,,,,,,,,,,,,,,,,,,
Logseron Sp. z o.o.,+48 518 738 318,http://www.logseron.pl/,biuro@logseron.pl,,,,,,,,,,,,,,,,,,,,,,,,,,,,,,,,,,,,,,,,,,,,,,,,,,,,,,,,,,,,,,,,,,,,,,,,,,,,,,,,,,,,,,,,,,,,,,,,,,,,,,,,,,,
Raben Logistics Polska,+48 61 898 81 00,https://polska.raben-group.com/uslugi-logistyczne/logistyka-kontraktowa/magazynowanie-towarow/magazyn-gadki?utm_source=GMP&utm_medium=Gadki,759ec9b3154a0b4947ff9df6e3d9af3a@www.sentry.macopedia-dev.pl,biuro@domena.com,,,,,,,,,,,,,,,,,,,,,,,,,,,,,,,,,,,,,,,,,,,,,,,,,,,,,,,,,,,,,,,,,,,,,,,,,,,,,,,,,,,,,,,,,,,,,,,,,,,,,,,,,,
Luna24.pl Logistyka,+48 602 701 800,https://www.logistyka.luna24.pl/,logistyka@luna24.pl,,,,,,,,,,,,,,,,,,,,,,,,,,,,,,,,,,,,,,,,,,,,,,,,,,,,,,,,,,,,,,,,,,,,,,,,,,,,,,,,,,,,,,,,,,,,,,,,,,,,,,,,,,,
CLIP Group S.A.brama główna,+48 61 659 89 50,http://www.clip-group.com/,bok@clip-group.com,u003Ebok@clip-group.com,,,,,,,,,,,,,,,,,,,,,,,,,,,,,,,,,,,,,,,,,,,,,,,,,,,,,,,,,,,,,,,,,,,,,,,,,,,,,,,,,,,,,,,,,,,,,,,,,,,,,,,,,,
IKEA Industry Poland Sp. z o.o. Logistics Center,+48 91 464 70 00,https://www.industry.ikea.pl/,IKEAIndustry.poland@inter.IKEA.com,,,,,,,,,,,,,,,,,,,,,,,,,,,,,,,,,,,,,,,,,,,,,,,,,,,,,,,,,,,,,,,,,,,,,,,,,,,,,,,,,,,,,,,,,,,,,,,,,,,,,,,,,,,
WESTSIDE SZCZECIN by LemonTree,,https://lemontree.realestate/,%20office@lemontree.realestate,office@lemontree.realestate,,,,,,,,,,,,,,,,,,,,,,,,,,,,,,,,,,,,,,,,,,,,,,,,,,,,,,,,,,,,,,,,,,,,,,,,,,,,,,,,,,,,,,,,,,,,,,,,,,,,,,,,,,
Hillwood Nowogard,+48 690 000 225,https://www.hillwood.pl/,poland@hillwood.com,poland@hillwood.pl,,,,,,,,,,,,,,,,,,,,,,,,,,,,,,,,,,,,,,,,,,,,,,,,,,,,,,,,,,,,,,,,,,,,,,,,,,,,,,,,,,,,,,,,,,,,,,,,,,,,,,,,,,
LKL POLAND Sp. z o.o.,,https://www.logumklosterlys.com/,605a7baede844d278b89dc95ae0a9123@sentry-next.wixpress.com,8eb368c655b84e029ed79ad7a5c1718e@sentry.wixpress.com,lkl@loegumklosterlys.dk,,,,,,,,,,,,,,,,,,,,,,,,,,,,,,,,,,,,,,,,,,,,,,,,,,,,,,,,,,,,,,,,,,,,,,,,,,,,,,,,,,,,,,,,,,,,,,,,,,,,,,,,,
